{"coef": {"log_return": 0.924368444599863, "log_return_0": 0.03375368279831814, "wap_log_return": 0.8170835855505039}, "intercept": -4.457551518046477e-06}